{"cost": 11.883991241455078, "_timestamp": 1684963546.3817573, "_runtime": 11700.596662282944, "_step": 349, "epoch": 34, "train_mae": 4.801061153411865, "train_mse": 41.272212982177734, "test_mae": 5.927720069885254, "test_mse": 64.76114654541016, "valid_mae": 5.9766364097595215, "valid_mse": 64.78369140625}