{"cost": 32.60179138183594, "_timestamp": 1684951907.8798375, "_runtime": 62.0947425365448, "_step": 2}