{"costs": 9.270130157470703, "_timestamp": 1684660149.9889703, "_runtime": 220.59254837036133, "_step": 7, "_wandb": {"runtime": 229}}