{"cost": 20.6123046875, "_timestamp": 1685005307.8347082, "_runtime": 18.9830641746521, "_step": 0, "_wandb": {"runtime": 29}}