{"epoch": 0, "train_mae": 8.031293869018555, "train_mse": 93.17892456054688, "test_mae": 8.76042366027832, "test_mse": 111.21417999267578, "_timestamp": 1684506969.9509454, "_runtime": 389.5003604888916, "_step": 0, "_wandb": {"runtime": 391}}