{"cost": 35.592430114746094, "_timestamp": 1684951716.16094, "_runtime": 17.816256046295166, "_step": 0, "_wandb": {"runtime": 26}}