{"epoch": 0, "train_mae": 6.869095802307129, "train_mse": 71.96711730957031, "test_mae": 7.454733848571777, "test_mse": 84.83963012695312, "_timestamp": 1684505444.8781781, "_runtime": 393.8976540565491, "_step": 0, "_wandb": {"runtime": 393}}