{"epoch": 0, "train_mae": 7.577866554260254, "train_mse": 84.66034698486328, "test_mae": 8.29616641998291, "test_mse": 101.55091094970703, "_timestamp": 1684506003.3229883, "_runtime": 384.82222628593445, "_step": 0, "_wandb": {"runtime": 387}}