{"epoch": 1, "train_mae": 4.15435791015625, "train_mse": 31.602670669555664, "test_mae": 4.820767879486084, "test_mse": 41.42713928222656, "_timestamp": 1685203979.8895838, "_runtime": 763.2979228496552, "_step": 1, "_wandb": {"runtime": 1178}}