{"epoch": 11, "train_mae": 3.1199584007263184, "train_mse": 18.658252716064453, "test_mae": 3.655423879623413, "test_mse": 25.398479461669922, "costs": [19.93138885498047, 9.953144073486328, 9.924919128417969, 10.084177017211914, 9.680574417114258, 8.974445343017578, 9.445196151733398, 9.270130157470703, 9.423405647277832, 9.306010246276855, 12.658748626708984, 8.971091270446777, 8.50870418548584, 9.94133472442627, 9.118560791015625, 9.365741729736328, 9.048663139343262, 8.565407752990723, 9.303524017333984, 8.310638427734375, 13.583498001098633, 8.045032501220703, 8.848730087280273, 8.213339805603027, 9.192758560180664, 7.8114824295043945, 8.329740524291992, 8.442352294921875, 8.971592903137207, 8.107905387878418, 19.95269012451172, 8.308477401733398, 8.305471420288086, 8.260658264160156, 7.806649208068848, 8.018372535705566, 7.996781349182129, 8.115276336669922, 7.6608171463012695, 8.539443969726562, 16.427898406982422, 8.174195289611816, 8.633769035339355, 7.874356269836426, 8.362970352172852, 7.610885143280029, 7.71941614151001, 7.5712080001831055, 8.022546768188477, 8.542339324951172, 12.372271537780762, 8.670583724975586, 7.764947891235352, 8.24324893951416, 7.948753356933594, 7.811907768249512, 8.653935432434082, 8.175558090209961, 7.830234527587891, 8.034802436828613, 13.248111724853516, 7.189480781555176, 7.564177989959717, 8.042229652404785, 8.228575706481934, 7.995197296142578, 8.239080429077148, 7.588098526000977, 8.110616683959961, 7.839268207550049, 12.22658920288086, 7.986776351928711, 7.028329849243164, 8.212263107299805, 8.207197189331055, 7.809392929077148, 8.271757125854492, 7.697025299072266, 8.040245056152344, 7.794252395629883, 12.774641036987305, 7.49050235748291, 7.675074577331543, 7.014316082000732, 7.712480545043945, 7.574969291687012, 7.5756635665893555, 7.652106285095215, 7.358788967132568, 7.030470848083496, 10.276718139648438, 7.585764408111572, 6.733321666717529, 7.525820732116699, 7.668435096740723, 8.226546287536621, 7.521674156188965, 8.99183464050293, 8.470229148864746, 8.114238739013672, 11.791967391967773, 7.143179893493652, 6.931169509887695, 7.3339524269104, 7.7886643409729, 7.211180686950684, 7.6315717697143555, 7.4606451988220215, 7.2184367179870605, 7.601883888244629, 11.913028717041016, 7.301137447357178, 7.367128372192383, 7.657691955566406, 7.517508029937744, 7.660707473754883, 7.521487236022949, 6.900153160095215, 7.279334545135498, 6.963516712188721], "_timestamp": 1684659665.827574, "_runtime": 5790.060979127884, "_step": 11, "_wandb": {"runtime": 5793}}