{"cost": 32.54628372192383, "_timestamp": 1684951825.2757578, "_runtime": 69.2053496837616, "_step": 6, "_wandb": {"runtime": 71}}