{"cost": 33.4683952331543, "_timestamp": 1684868927.8637793, "_runtime": 29.730501413345337, "_step": 0}